radius,Fibre Length,Transmission
5e-05,0.1,0.8013197668606148
5e-05,3.0,0.0013327450093587375
